{
  "timestamp": "2025-12-25 13:39:16",
  "file_name": "jieguo.txt",
  "file_type": "txt",
  "file_size": 2303367,
  "read_result": {
    "time": 48.359649896621704,
    "current_memory": 10.046514,
    "peak_memory": 10.075166,
    "channel_count": 27541,
    "category_count": 1
  },
  "step_result": {
    "encoding_time": 53.31312799453735,
    "count_time": 53.31312799453735,
    "read_time": 53.31312799453735,
    "peak_memory": 10.078579,
    "channel_count": 27541
  },
  "validation_result": {
    "time": 34.48318648338318,
    "current_memory": 9.446202,
    "peak_memory": 50.944848,
    "valid_count": 0,
    "invalid_count": 0,
    "error_count": 0,
    "total_count": 27541
  }
}